[
	{
		"단어:": "photometer",
		"뜻:": "노출계"
	},
	{
		"단어:": "uncrowned",
		"뜻:": "정식 왕이 아닌"
	},
	{
		"단어:": "Yarmouth",
		"뜻:": "야머스"
	},
	{
		"단어:": "accumulation point",
		"뜻:": "집적점(limit point)"
	},
	{},
	{
		"단어:": "Pekingology",
		"뜻:": "중국 연구"
	},
	{
		"단어:": "Stakhanovite",
		"뜻:": "스타하노프제의 보상을 받은 노동자의"
	},
	{
		"단어:": "nouveaute",
		"뜻:": "새로움"
	},
	{
		"단어:": "floss",
		"뜻:": "플로스"
	},
	{},
	{
		"단어:": "Serpentes",
		"뜻:": "뱀류"
	},
	{
		"단어:": "Desmoulins",
		"뜻:": "데물랭"
	},
	{
		"단어:": "ambsace",
		"뜻:": "최소량"
	},
	{
		"단어:": "conflicted",
		"뜻:": "상충된"
	},
	{
		"단어:": "acapnia",
		"뜻:": "탄산 결핍"
	},
	{
		"단어:": "bar tack",
		"뜻:": "바 택"
	},
	{
		"단어:": "sea melon",
		"뜻:": "검정해삼"
	},
	{
		"단어:": "take a back seat to ‥",
		"뜻:": "…을 자기보다 낫다고 인정하다"
	},
	{
		"단어:": "put[set] ‥ in motion",
		"뜻:": "추진하다"
	},
	{
		"단어:": "turret captain",
		"뜻:": "포탑장"
	},
	{
		"단어:": "dactylo-",
		"뜻:": "「손가락」 「발가락」의 뜻"
	},
	{
		"단어:": "flatfooted",
		"뜻:": "불시에"
	},
	{
		"단어:": "something like ‥",
		"뜻:": "대단한 …이다"
	},
	{
		"단어:": "smooch",
		"뜻:": "애무(하다)(pet)"
	},
	{
		"단어:": "biathlete",
		"뜻:": "바이애슬론 선수"
	},
	{
		"단어:": "colligative",
		"뜻:": "속일성의"
	},
	{
		"단어:": "with malice aforethought",
		"뜻:": "살의를 품고"
	},
	{
		"단어:": "skimmer",
		"뜻:": "피상적으로만 아는 사람"
	},
	{
		"단어:": "pterosaur",
		"뜻:": "익룡"
	},
	{
		"단어:": "stealth aircraft",
		"뜻:": "스텔스 항공기"
	},
	{
		"단어:": "postliterate",
		"뜻:": "문자에 의존하지 않는"
	},
	{
		"단어:": "keto-enol tautomerism",
		"뜻:": "케토에놀 호변이성"
	},
	{
		"단어:": "granitite",
		"뜻:": "그래니타이트"
	},
	{
		"단어:": "pinnigrade",
		"뜻:": "지느러미로 움직이는"
	},
	{
		"단어:": "Sugar Hill",
		"뜻:": "흑인들의 매춘굴"
	},
	{
		"단어:": "blow up",
		"뜻:": "화내다"
	},
	{},
	{
		"단어:": "coalition",
		"뜻:": "통합"
	},
	{
		"단어:": "unconversable",
		"뜻:": "무뚝뚝한"
	},
	{},
	{
		"단어:": "exterminate",
		"뜻:": "근절하다"
	},
	{
		"단어:": "barter trading",
		"뜻:": "교환 거래"
	},
	{
		"단어:": "bipedalism",
		"뜻:": "두 발 보행"
	},
	{
		"단어:": "EDR",
		"뜻:": "European Depository Receipt(유럽 예탁 증권)"
	},
	{
		"단어:": "nanocurie",
		"뜻:": "나노퀴리"
	},
	{
		"단어:": "euroky",
		"뜻:": "광환경성"
	},
	{
		"단어:": "debouchure",
		"뜻:": "유출구"
	},
	{
		"단어:": "caul",
		"뜻:": "(연결형) 모음 앞에서의 caulo-의 별형"
	},
	{
		"단어:": "ide",
		"뜻:": "EIDE로 대체됨"
	},
	{
		"단어:": "piffle",
		"뜻:": "어리석은 짓을 하다"
	},
	{
		"단어:": "dream reader",
		"뜻:": "해몽가"
	},
	{
		"단어:": "assaultive",
		"뜻:": "공격적인"
	},
	{},
	{
		"단어:": "IIC",
		"뜻:": "International Institute of Communications"
	},
	{
		"단어:": "xerographic",
		"뜻:": "건식 복사의"
	},
	{
		"단어:": "contraception",
		"뜻:": "산아 제한"
	},
	{},
	{
		"단어:": "holorime",
		"뜻:": "운은 같지만 뜻은 다른 두 개의 구"
	},
	{
		"단어:": "sloe",
		"뜻:": "자두류"
	},
	{
		"단어:": "board",
		"뜻:": "탑승하다"
	},
	{
		"단어:": "il-",
		"뜻:": "integrated injection logic"
	},
	{
		"단어:": "enscroll",
		"뜻:": "기록하다"
	},
	{
		"단어:": "knit stitch",
		"뜻:": "메리야스뜨기"
	},
	{
		"단어:": "steed",
		"뜻:": "승마용 말"
	},
	{
		"단어:": "trouble and strife",
		"뜻:": "애물단지"
	},
	{},
	{
		"단어:": "organizer",
		"뜻:": "노동조합의 조직책"
	},
	{
		"단어:": "July",
		"뜻:": "3분기"
	},
	{
		"단어:": "crampedness",
		"뜻:": "작고 갑갑함"
	},
	{
		"단어:": "GMS",
		"뜻:": "general merchandise store(종합 소매점)"
	},
	{},
	{
		"단어:": "KJV",
		"뜻:": "흠정역 성서(King James Version)"
	},
	{
		"단어:": "make a double",
		"뜻:": "두 마리를 동시에 쏘아 잡다"
	},
	{
		"단어:": "presbyterial",
		"뜻:": "장로 정치의"
	},
	{
		"단어:": "Haute-Garonne",
		"뜻:": "오트가론"
	},
	{
		"단어:": "at hand",
		"뜻:": "사용 가능한"
	},
	{
		"단어:": "Sovietology",
		"뜻:": "소비에트연방 정부 연구"
	},
	{},
	{
		"단어:": "pie chart [graph, diagram]",
		"뜻:": "파이 도표"
	},
	{
		"단어:": "glove compartment[box]",
		"뜻:": "장갑 등을 넣어 두는 작은 칸"
	},
	{
		"단어:": "soupbone",
		"뜻:": "수프용 뼈"
	},
	{
		"단어:": "Feast of Tabernacles",
		"뜻:": "Sukkoth"
	},
	{
		"단어:": "capitulant",
		"뜻:": "항복한 사람"
	},
	{
		"단어:": "just about",
		"뜻:": "그냥"
	},
	{
		"단어:": "Kb",
		"뜻:": "Knight Bachelor"
	},
	{
		"단어:": "polynomial",
		"뜻:": "다항식"
	},
	{
		"단어:": "jelly baby",
		"뜻:": "젤리"
	},
	{
		"단어:": "gatherum",
		"뜻:": "뒤범벅"
	},
	{
		"단어:": "rolled-up",
		"뜻:": "걷어 올려진"
	},
	{
		"단어:": "luxate",
		"뜻:": "삐다"
	},
	{
		"단어:": "duty officer",
		"뜻:": "당직 장교"
	},
	{
		"단어:": "schoolbag",
		"뜻:": "책가방"
	},
	{
		"단어:": "hydrometallurgy",
		"뜻:": "습식 제련"
	},
	{
		"단어:": "billboard",
		"뜻:": "광고판"
	},
	{
		"단어:": "biol.",
		"뜻:": "biologist"
	},
	{
		"단어:": "greyhound therapy",
		"뜻:": "그레이 하운드 요법"
	},
	{
		"단어:": "biggin",
		"뜻:": "집"
	},
	{},
	{
		"단어:": "ulterior",
		"뜻:": "저편의"
	},
	{
		"단어:": "crash out",
		"뜻:": "거저 묵다"
	}
]